entity,year,daly_depression,daly_schizophrenia,daly_bipolar_disorder,daly_eating_disorder,daly_anxiety
African Region (WHO),1990,813.768,135.87302,123.21381,21.657314,332.0955
African Region (WHO),1991,811.63586,135.84152,123.19559,21.468536,331.84326
African Region (WHO),1992,809.77264,135.82364,123.20784,21.298965,331.59048
African Region (WHO),1993,808.22644,135.78175,123.1872,21.141212,331.4094
African Region (WHO),1994,807.3702,135.70683,123.17723,20.994555,331.24078
African Region (WHO),1995,807.08826,135.65288,123.154884,20.869705,331.09436
African Region (WHO),1996,809.2946,135.53923,123.13204,20.758709,330.84705
African Region (WHO),1997,814.5101,135.37222,123.11671,20.650179,330.51013
African Region (WHO),1998,820.4837,135.18767,123.118996,20.538477,330.1274
African Region (WHO),1999,825.38885,135.07938,123.08099,20.467896,329.83243
African Region (WHO),2000,827.07385,134.99394,123.07383,20.43388,329.6232
African Region (WHO),2001,826.40894,135.11406,123.09037,20.467358,329.35275
African Region (WHO),2002,825.3656,135.36412,123.11003,20.560804,328.93433
African Region (WHO),2003,824.13513,135.61188,123.12501,20.71793,328.5306
African Region (WHO),2004,822.86224,135.90297,123.17873,20.877773,328.17245
African Region (WHO),2005,821.6296,136.09467,123.23318,21.02292,328.00888
African Region (WHO),2006,818.8298,136.184,123.27816,21.183002,328.56027
African Region (WHO),2007,813.46387,136.28596,123.347916,21.383629,329.77505
African Region (WHO),2008,806.7373,136.44983,123.435585,21.596321,331.29373
African Region (WHO),2009,800.0522,136.52705,123.5169,21.781809,332.63538
African Region (WHO),2010,794.752,136.65668,123.57414,22.001614,333.32166
African Region (WHO),2011,789.9784,136.7575,123.582306,22.214363,333.56436
African Region (WHO),2012,784.7589,136.9345,123.60925,22.483326,333.83914
African Region (WHO),2013,779.8364,137.172,123.606964,22.766666,334.15808
African Region (WHO),2014,776.3288,137.35637,123.596535,23.033365,334.46353
African Region (WHO),2015,775.25635,137.44264,123.59214,23.270254,334.79727
African Region (WHO),2016,776.6644,137.57875,123.55772,23.541826,335.50223
African Region (WHO),2017,778.1041,137.73848,123.53566,23.761179,336.14566
African Region (WHO),2018,778.90356,137.91843,123.56626,23.8502,335.9598
African Region (WHO),2019,779.7414,138.14122,123.5525,23.904,335.29965
East Asia & Pacific (WB),1990,441.75485,193.0374,58.577686,21.132404,328.87744
East Asia & Pacific (WB),1991,447.96466,193.25534,58.50858,21.242334,328.7484
East Asia & Pacific (WB),1992,452.59222,193.41795,58.449493,21.362186,328.7057
East Asia & Pacific (WB),1993,455.5343,193.56973,58.422764,21.477356,328.75037
East Asia & Pacific (WB),1994,456.69736,193.7233,58.36366,21.585136,328.80936
East Asia & Pacific (WB),1995,456.10257,193.80067,58.310066,21.69998,328.97934
East Asia & Pacific (WB),1996,452.55844,193.84009,58.261898,21.843868,330.11337
East Asia & Pacific (WB),1997,446.09534,193.85536,58.20236,21.985472,332.56464
East Asia & Pacific (WB),1998,438.61252,193.92772,58.13687,22.135498,335.31055
East Asia & Pacific (WB),1999,431.8396,194.00427,58.05413,22.286129,337.42767
East Asia & Pacific (WB),2000,427.5696,194.1008,57.974834,22.434937,337.83734
East Asia & Pacific (WB),2001,425.98053,194.21649,57.933586,22.640068,335.2412
East Asia & Pacific (WB),2002,425.35974,194.39214,57.939514,22.874489,330.1566
East Asia & Pacific (WB),2003,425.1192,194.54178,57.9669,23.14896,324.08536
East Asia & Pacific (WB),2004,424.62,194.72046,57.993683,23.442896,318.8057
East Asia & Pacific (WB),2005,423.13275,194.87122,57.966057,23.746511,315.9559
East Asia & Pacific (WB),2006,419.86246,195.17383,57.89709,24.044874,315.29126
East Asia & Pacific (WB),2007,414.90747,195.58878,57.825745,24.414433,315.1602
East Asia & Pacific (WB),2008,409.736,196.0522,57.729664,24.8121,315.32004
East Asia & Pacific (WB),2009,405.59207,196.42389,57.66834,25.232,315.37006
East Asia & Pacific (WB),2010,403.7521,196.64772,57.647778,25.653828,314.99274
East Asia & Pacific (WB),2011,404.4877,196.81534,57.64492,26.08293,313.7709
East Asia & Pacific (WB),2012,406.5959,196.81328,57.64883,26.535463,311.7105
East Asia & Pacific (WB),2013,409.25873,196.85648,57.657574,27.004599,309.65723
East Asia & Pacific (WB),2014,411.69937,196.88652,57.67699,27.511904,308.1475
East Asia & Pacific (WB),2015,413.0571,196.95935,57.722885,28.03306,307.9319
East Asia & Pacific (WB),2016,412.7261,198.43333,57.742012,28.747446,311.46127
East Asia & Pacific (WB),2017,412.2278,199.81868,57.76791,29.347708,315.12863
East Asia & Pacific (WB),2018,412.13858,199.79274,57.816578,29.7091,315.1412
East Asia & Pacific (WB),2019,411.8415,199.55878,57.87442,29.96269,313.38013
Eastern Mediterranean Region (WHO),1990,767.85474,163.86865,138.64702,32.425385,440.1354
Eastern Mediterranean Region (WHO),1991,765.0626,163.82713,138.8247,32.420967,440.29022
Eastern Mediterranean Region (WHO),1992,762.7414,163.65556,138.96214,32.343456,440.09534
Eastern Mediterranean Region (WHO),1993,760.83563,163.46031,139.03809,32.288162,440.2058
Eastern Mediterranean Region (WHO),1994,759.3411,163.39975,139.18684,32.286125,440.5395
Eastern Mediterranean Region (WHO),1995,758.50964,163.31183,139.35158,32.311222,440.80432
Eastern Mediterranean Region (WHO),1996,757.4681,163.30968,139.41736,32.359093,440.2234
Eastern Mediterranean Region (WHO),1997,755.5222,163.2603,139.49417,32.420116,438.6584
Eastern Mediterranean Region (WHO),1998,753.4568,163.17996,139.60368,32.503265,436.96692
Eastern Mediterranean Region (WHO),1999,751.5733,163.27933,139.68199,32.60678,435.5583
Eastern Mediterranean Region (WHO),2000,750.68195,163.17767,139.80782,32.725555,435.02185
Eastern Mediterranean Region (WHO),2001,750.7374,163.11829,139.88261,32.90219,435.08823
Eastern Mediterranean Region (WHO),2002,750.95337,163.069,139.93816,33.152565,435.27692
Eastern Mediterranean Region (WHO),2003,751.216,162.87958,139.98228,33.463978,435.5587
Eastern Mediterranean Region (WHO),2004,751.40814,162.81714,140.11737,33.795467,435.74588
Eastern Mediterranean Region (WHO),2005,751.5584,162.8122,140.15709,34.10552,435.9869
Eastern Mediterranean Region (WHO),2006,751.2564,162.83208,140.20612,34.44833,437.277
Eastern Mediterranean Region (WHO),2007,750.5804,162.80055,140.26134,34.955498,440.15463
Eastern Mediterranean Region (WHO),2008,749.59973,162.91641,140.30748,35.449257,443.52145
Eastern Mediterranean Region (WHO),2009,748.73096,162.98047,140.3024,35.908916,446.35803
Eastern Mediterranean Region (WHO),2010,747.89453,162.922,140.2347,36.187866,447.63727
Eastern Mediterranean Region (WHO),2011,748.60345,162.91347,140.09132,36.42039,447.69678
Eastern Mediterranean Region (WHO),2012,751.90955,162.88943,139.93579,36.66645,448.2455
Eastern Mediterranean Region (WHO),2013,755.90955,162.82697,139.73694,36.851784,448.9152
Eastern Mediterranean Region (WHO),2014,759.1268,162.80048,139.52531,37.03217,449.27893
Eastern Mediterranean Region (WHO),2015,760.0596,162.73038,139.3139,37.200443,449.0322
Eastern Mediterranean Region (WHO),2016,758.3754,162.68846,139.07138,37.437153,445.7549
Eastern Mediterranean Region (WHO),2017,756.77374,162.61618,138.89323,37.60498,442.41513
Eastern Mediterranean Region (WHO),2018,757.5072,162.553,138.61752,37.59172,442.26068
Eastern Mediterranean Region (WHO),2019,760.52686,162.50323,138.35562,37.53447,443.31262
England,1990,827.3738,160.4147,237.97226,75.00747,394.47205
England,1991,808.61993,160.4397,237.98087,75.38212,399.555
England,1992,791.5836,160.41763,237.98035,75.77965,404.14206
England,1993,777.559,160.39066,237.96413,76.332054,407.7776
England,1994,767.82007,160.36221,237.98982,76.82468,410.2673
England,1995,763.7593,160.33784,237.9901,77.27418,411.16824
England,1996,763.50336,160.28273,237.99757,77.82145,410.90045
England,1997,764.0447,160.20001,237.9353,78.43005,410.08368
England,1998,764.8382,160.11159,237.89978,78.90125,408.9572
England,1999,765.2062,160.05843,237.89874,79.57498,407.69046
England,2000,764.60065,160.00046,237.85971,80.11664,406.54462
England,2001,759.35547,160.03766,238.04193,80.85053,404.99966
England,2002,748.26685,160.07945,238.49693,81.92793,402.85397
England,2003,734.551,160.10834,239.09175,83.11505,400.71512
England,2004,721.6328,160.16463,239.5278,84.12062,399.07486
England,2005,712.6637,160.24007,239.72493,84.83476,398.54742
England,2006,706.1599,160.33356,239.76494,85.4432,400.96103
England,2007,699.18805,160.54025,239.86322,85.99669,406.516
England,2008,692.8309,160.83913,239.98297,86.53102,413.14603
England,2009,688.1966,161.24136,240.04506,86.95888,418.7825
England,2010,686.3885,161.76349,240.06859,87.2816,421.41425
England,2011,691.6128,163.59073,240.01357,87.58586,421.7213
England,2012,704.0705,167.09975,239.98804,87.85332,421.90912
England,2013,718.9098,171.11873,239.9478,88.11159,422.01328
England,2014,731.2162,174.56184,239.9222,88.403595,422.0462
England,2015,736.19867,176.2443,239.89067,88.80416,421.9582
England,2016,729.2112,176.43358,239.79697,89.719185,420.7919
England,2017,722.0176,176.26128,239.7289,90.61487,419.61386
England,2018,721.4107,169.23366,239.643,90.89389,419.7872
England,2019,722.04456,154.06956,239.4754,91.05533,420.71692
Europe & Central Asia (WB),1990,632.588,176.3283,153.23323,55.911312,407.43063
Europe & Central Asia (WB),1991,630.40576,176.14124,153.20042,55.871883,406.84006
Europe & Central Asia (WB),1992,628.4714,175.99524,153.15671,55.83406,406.1821
Europe & Central Asia (WB),1993,626.741,175.89024,153.15108,55.77895,405.5193
Europe & Central Asia (WB),1994,625.38635,175.78023,153.14233,55.681652,404.80695
Europe & Central Asia (WB),1995,624.4988,175.69359,153.1624,55.565426,404.1557
Europe & Central Asia (WB),1996,624.3149,175.64453,153.18985,55.47457,403.48785
Europe & Central Asia (WB),1997,625.1066,175.452,153.175,55.430588,402.7397
Europe & Central Asia (WB),1998,626.0503,175.34012,153.13567,55.415684,402.23596
Europe & Central Asia (WB),1999,626.6615,175.22928,153.10359,55.504887,401.7939
Europe & Central Asia (WB),2000,626.4638,175.18591,153.17365,55.661125,401.6432
Europe & Central Asia (WB),2001,624.92413,175.22658,153.30333,55.97292,401.8565
Europe & Central Asia (WB),2002,622.3427,175.35686,153.4542,56.456135,402.27676
Europe & Central Asia (WB),2003,619.19147,175.41359,153.74101,56.991543,402.9038
Europe & Central Asia (WB),2004,615.96674,175.56528,153.93935,57.553383,403.75967
Europe & Central Asia (WB),2005,613.3491,175.64833,154.14198,58.043198,404.64288
Europe & Central Asia (WB),2006,611.3289,175.80663,154.32558,58.593376,406.22583
Europe & Central Asia (WB),2007,609.6552,176.01016,154.45964,59.239002,408.90356
Europe & Central Asia (WB),2008,608.50476,176.2178,154.60748,59.944553,411.88623
Europe & Central Asia (WB),2009,607.7096,176.39482,154.814,60.600388,414.43768
Europe & Central Asia (WB),2010,607.2101,176.53458,155.03595,61.15555,415.95825
Europe & Central Asia (WB),2011,607.01086,176.74335,155.16252,61.640377,416.84036
Europe & Central Asia (WB),2012,606.63824,177.05536,155.33333,62.082283,417.90567
Europe & Central Asia (WB),2013,606.226,177.34134,155.52582,62.531513,418.9204
Europe & Central Asia (WB),2014,605.9342,177.63016,155.62775,62.952007,419.7703
Europe & Central Asia (WB),2015,605.9079,177.76901,155.80043,63.394367,420.05023
Europe & Central Asia (WB),2016,604.9847,177.8163,155.86963,64.05102,419.31223
Europe & Central Asia (WB),2017,603.68384,177.85754,155.93283,64.60263,418.4208
Europe & Central Asia (WB),2018,603.61145,177.36119,155.96092,64.94002,417.47836
Europe & Central Asia (WB),2019,604.4892,176.41718,155.997,65.2077,416.01544
European Region (WHO),1990,632.8986,176.43573,153.5706,55.88467,407.09814
European Region (WHO),1991,630.8523,176.24464,153.551,55.848618,406.5155
European Region (WHO),1992,629.05365,176.09438,153.51709,55.815872,405.86093
European Region (WHO),1993,627.4437,175.98714,153.52087,55.765717,405.20114
European Region (WHO),1994,626.1909,175.8772,153.52428,55.67452,404.49042
European Region (WHO),1995,625.3688,175.79164,153.55453,55.564255,403.8399
European Region (WHO),1996,625.2256,175.74782,153.59123,55.478195,403.13406
European Region (WHO),1997,626.0286,175.56403,153.58444,55.436428,402.29602
European Region (WHO),1998,626.9721,175.46399,153.54947,55.422295,401.67902
European Region (WHO),1999,627.6271,175.36195,153.5343,55.521603,401.15192
European Region (WHO),2000,627.47394,175.32208,153.61661,55.688236,400.96274
European Region (WHO),2001,625.94806,175.36588,153.75432,56.00575,401.1574
European Region (WHO),2002,623.3616,175.49649,153.91008,56.49845,401.55576
European Region (WHO),2003,620.21747,175.55417,154.20264,57.044685,402.16583
European Region (WHO),2004,617.0024,175.70491,154.4073,57.61629,402.99963
European Region (WHO),2005,614.4,175.7894,154.61594,58.110874,403.86395
European Region (WHO),2006,612.3966,175.94836,154.80692,58.660637,405.4698
European Region (WHO),2007,610.7314,176.15111,154.95102,59.304825,408.2313
European Region (WHO),2008,609.5778,176.3598,155.10768,60.00724,411.32285
European Region (WHO),2009,608.7735,176.53972,155.32137,60.6613,413.9622
European Region (WHO),2010,608.2617,176.67908,155.55292,61.21566,415.51486
European Region (WHO),2011,608.0096,176.89006,155.69101,61.701797,416.3777
European Region (WHO),2012,607.52637,177.20013,155.87326,62.147163,417.41833
European Region (WHO),2013,606.9933,177.48619,156.07744,62.602627,418.40137
European Region (WHO),2014,606.593,177.77246,156.19354,63.0294,419.2233
European Region (WHO),2015,606.52136,177.91121,156.3776,63.476578,419.4825
European Region (WHO),2016,605.6044,177.95377,156.4575,64.13759,418.72208
European Region (WHO),2017,604.3271,177.98917,156.53288,64.693985,417.8165
European Region (WHO),2018,604.2985,177.4944,156.5749,65.03723,416.87418
European Region (WHO),2019,605.2331,176.55606,156.62009,65.312454,415.4222
G20,1990,557.47,192.06975,99.64542,34.58605,358.84686
G20,1991,567.4971,192.2914,99.47688,34.765976,358.20056
G20,1992,576.0995,192.4572,99.354004,34.93511,357.54886
G20,1993,582.8675,192.5807,99.2411,35.059845,356.87933
G20,1994,587.50073,192.68335,99.119774,35.14096,356.1634
G20,1995,589.5795,192.69366,99.00048,35.16001,355.43115
G20,1996,589.2872,192.62856,98.862335,35.16975,356.00104
G20,1997,587.4526,192.50241,98.70836,35.183647,358.4828
G20,1998,584.9203,192.40712,98.53785,35.198875,361.71252
G20,1999,582.5447,192.31256,98.360245,35.250103,364.49857
G20,2000,581.1963,192.26021,98.18086,35.306335,365.76752
G20,2001,581.39307,192.27225,98.06238,35.45064,364.89883
G20,2002,582.4563,192.41142,98.0027,35.673615,362.61008
G20,2003,583.8225,192.53786,97.9942,35.939526,359.62613
G20,2004,584.8606,192.67757,97.95575,36.219,356.8961
G20,2005,584.73114,192.73709,97.88465,36.49111,355.15854
G20,2006,579.21173,192.86194,97.78635,36.777843,355.19952
G20,2007,567.17474,193.08383,97.69269,37.147373,356.6514
G20,2008,552.92816,193.31573,97.59914,37.551052,358.6407
G20,2009,540.8902,193.46774,97.54467,37.955097,360.2472
G20,2010,535.53784,193.51674,97.51138,38.336918,360.55038
G20,2011,535.44415,193.5181,97.489136,38.650894,358.85568
G20,2012,535.8861,193.4572,97.46154,38.92146,355.73257
G20,2013,536.65247,193.39081,97.46247,39.18935,352.2711
G20,2014,537.53094,193.32999,97.471855,39.507496,349.5041
G20,2015,538.21277,193.23328,97.47152,39.904743,348.4583
G20,2016,538.2744,193.79031,97.466705,40.561565,350.14444
G20,2017,538.2926,194.33159,97.456795,41.134254,351.88974
G20,2018,538.24646,193.92705,97.45295,41.454987,351.74026
G20,2019,537.69495,193.1667,97.47197,41.67404,350.642
High Income (WB),1990,597.9483,207.16656,157.23555,77.63021,450.15958
High Income (WB),1991,599.94763,207.76384,157.1578,78.75894,449.72714
High Income (WB),1992,602.621,208.32413,157.11836,79.8009,449.38602
High Income (WB),1993,605.74054,208.77838,157.11375,80.7207,449.14337
High Income (WB),1994,609.2133,209.1937,157.12506,81.42463,449.0247
High Income (WB),1995,612.93463,209.40805,157.09415,81.843765,449.00284
High Income (WB),1996,618.3212,209.51889,157.08188,82.12486,452.09503
High Income (WB),1997,625.933,209.6111,157.06609,82.40892,459.4696
High Income (WB),1998,634.0549,209.70532,157.05246,82.65827,468.36374
High Income (WB),1999,640.96,209.81845,157.07167,82.973274,475.80823
High Income (WB),2000,644.7955,209.93704,157.1094,83.282364,478.9385
High Income (WB),2001,645.61383,210.20193,157.32552,83.80192,477.707
High Income (WB),2002,644.95935,210.7928,157.72147,84.51806,474.75546
High Income (WB),2003,643.57324,211.41832,158.25131,85.28074,471.11328
High Income (WB),2004,642.2771,212.02606,158.66463,85.97724,467.6799
High Income (WB),2005,641.7556,212.32295,158.8752,86.532364,465.30307
High Income (WB),2006,642.29065,212.51932,158.89194,86.95845,464.85654
High Income (WB),2007,643.4449,212.66232,158.8052,87.36066,465.84875
High Income (WB),2008,644.8907,212.77649,158.70183,87.741165,467.36417
High Income (WB),2009,646.268,212.84459,158.63928,88.06587,468.4391
High Income (WB),2010,647.2262,212.8741,158.6479,88.39108,468.17062
High Income (WB),2011,646.4434,212.70354,158.64992,88.399345,465.8967
High Income (WB),2012,643.72406,212.32426,158.65828,88.055916,462.44128
High Income (WB),2013,640.2452,211.73146,158.6962,87.58947,458.81772
High Income (WB),2014,637.3136,211.21077,158.69176,87.27068,455.91815
High Income (WB),2015,636.056,210.69276,158.73479,87.31715,454.66
High Income (WB),2016,635.70764,209.65514,158.68951,87.96543,453.7015
High Income (WB),2017,635.7412,208.84709,158.6776,88.5999,453.1425
High Income (WB),2018,637.17017,208.38104,158.68758,88.85289,456.9097
High Income (WB),2019,639.9786,207.7759,158.68362,88.974815,464.84207
Latin America & Caribbean (WB),1990,608.2165,178.54091,209.40192,45.202503,453.9229
Latin America & Caribbean (WB),1991,607.3028,178.54286,209.42094,45.3629,455.2091
Latin America & Caribbean (WB),1992,606.9936,178.62236,209.47697,45.539875,456.73105
Latin America & Caribbean (WB),1993,607.1351,178.62144,209.50482,45.684307,458.29852
Latin America & Caribbean (WB),1994,607.7112,178.64108,209.51645,45.858376,459.64993
Latin America & Caribbean (WB),1995,608.4378,178.649,209.54616,45.960308,460.4244
Latin America & Caribbean (WB),1996,612.64923,178.6213,209.51999,46.052032,465.54318
Latin America & Caribbean (WB),1997,621.3883,178.51253,209.46347,46.22396,477.49164
Latin America & Caribbean (WB),1998,631.89557,178.4355,209.41972,46.35375,492.8004
Latin America & Caribbean (WB),1999,641.09656,178.35349,209.355,46.509335,508.10132
Latin America & Caribbean (WB),2000,645.8563,178.26877,209.28288,46.600773,519.98004
Latin America & Caribbean (WB),2001,647.6349,178.24095,209.34741,46.67408,530.15283
Latin America & Caribbean (WB),2002,649.3675,178.26518,209.61198,46.78706,541.3792
Latin America & Caribbean (WB),2003,650.9023,178.23264,209.97191,46.90317,551.7621
Latin America & Caribbean (WB),2004,651.88354,178.33885,210.20457,47.045425,559.67395
Latin America & Caribbean (WB),2005,651.8961,178.38011,210.29333,47.21154,563.4383
Latin America & Caribbean (WB),2006,647.05536,178.56178,210.26482,47.50248,562.8688
Latin America & Caribbean (WB),2007,636.3489,178.9314,210.28738,47.88142,560.18567
Latin America & Caribbean (WB),2008,623.365,179.32909,210.29007,48.36432,556.67035
Latin America & Caribbean (WB),2009,611.9265,179.67082,210.27077,48.836628,553.4514
Latin America & Caribbean (WB),2010,605.6349,179.89758,210.29875,49.22947,551.91125
Latin America & Caribbean (WB),2011,603.36743,179.95468,210.25597,49.575344,547.6691
Latin America & Caribbean (WB),2012,601.4488,180.04755,210.1368,49.93185,538.0652
Latin America & Caribbean (WB),2013,599.8257,180.13426,210.06027,50.270004,526.6804
Latin America & Caribbean (WB),2014,598.4573,180.23276,210.07048,50.580395,517.22363
Latin America & Caribbean (WB),2015,597.27246,180.33385,209.96812,50.825558,513.2475
Latin America & Caribbean (WB),2016,595.79724,180.40913,209.90208,51.090126,516.1092
Latin America & Caribbean (WB),2017,594.7598,180.42268,209.80475,51.30225,519.0998
Latin America & Caribbean (WB),2018,594.8038,180.28049,209.73024,51.436165,519.7721
Latin America & Caribbean (WB),2019,595.2236,180.00029,209.7309,51.551956,520.4963
Low Income (WB),1990,817.591,138.40318,115.10142,17.662897,340.52008
Low Income (WB),1991,817.318,138.26955,115.178894,17.543888,340.3594
Low Income (WB),1992,817.25806,138.16666,115.32101,17.434238,340.4508
Low Income (WB),1993,816.8565,138.05072,115.41118,17.312374,340.4146
Low Income (WB),1994,816.80145,137.877,115.4513,17.174181,340.30823
Low Income (WB),1995,817.3811,137.73595,115.5048,17.043232,340.23605
Low Income (WB),1996,819.212,137.54207,115.57063,16.912327,340.2002
Low Income (WB),1997,822.0013,137.21664,115.63902,16.78969,340.37134
Low Income (WB),1998,824.79315,136.96565,115.70788,16.65805,340.4938
Low Income (WB),1999,826.9169,136.7592,115.726555,16.553411,340.70602
Low Income (WB),2000,827.66,136.60313,115.79715,16.510801,340.86224
Low Income (WB),2001,827.49786,136.66003,115.91819,16.51377,340.76483
Low Income (WB),2002,827.2169,136.85837,116.10895,16.539015,340.50687
Low Income (WB),2003,826.55536,137.02531,116.220375,16.60515,340.17465
Low Income (WB),2004,825.6885,137.19035,116.37023,16.67192,339.90012
Low Income (WB),2005,824.76276,137.29002,116.51891,16.731844,339.93494
Low Income (WB),2006,823.2366,137.29848,116.68053,16.804844,340.23715
Low Income (WB),2007,820.8915,137.21306,116.88737,16.912449,340.57108
Low Income (WB),2008,818.1647,137.2755,117.09782,17.041136,341.06775
Low Income (WB),2009,815.71216,137.18982,117.32065,17.147638,341.6083
Low Income (WB),2010,814.21075,137.23265,117.5067,17.305016,342.15167
Low Income (WB),2011,812.6967,137.1994,117.653755,17.477806,343.12808
Low Income (WB),2012,810.6243,137.27065,117.81302,17.702103,344.6
Low Income (WB),2013,808.4243,137.39697,117.98161,17.973286,346.24057
Low Income (WB),2014,806.8024,137.5413,118.13748,18.210533,347.75372
Low Income (WB),2015,806.5569,137.55183,118.26327,18.426231,348.84174
Low Income (WB),2016,807.26544,137.61049,118.38482,18.690191,349.8727
Low Income (WB),2017,808.2153,137.74762,118.53773,18.91028,350.75757
Low Income (WB),2018,809.84973,137.8641,118.72522,19.078257,350.8137
Low Income (WB),2019,812.2353,137.98193,118.9031,19.201748,350.46918
Lower Middle Income (WB),1990,649.94794,172.77802,88.38228,19.879679,307.597
Lower Middle Income (WB),1991,663.50275,172.89503,88.419014,19.928831,307.08575
Lower Middle Income (WB),1992,675.1642,173.00511,88.46941,19.990517,306.42337
Lower Middle Income (WB),1993,684.3521,173.03482,88.47566,20.054998,305.66287
Lower Middle Income (WB),1994,690.33826,173.08926,88.50445,20.11155,304.85132
Lower Middle Income (WB),1995,692.4291,173.10034,88.54482,20.175257,304.0513
Lower Middle Income (WB),1996,691.4891,173.04842,88.582245,20.236124,302.1973
Lower Middle Income (WB),1997,689.4646,172.995,88.62595,20.313496,298.9679
Lower Middle Income (WB),1998,687.19916,172.89438,88.667984,20.399126,295.4342
Lower Middle Income (WB),1999,685.2492,172.8656,88.69539,20.509357,292.61337
Lower Middle Income (WB),2000,684.36115,172.7597,88.740364,20.633512,291.58682
Lower Middle Income (WB),2001,685.4495,172.82759,88.780464,20.792599,291.99478
Lower Middle Income (WB),2002,688.13745,172.973,88.796616,20.9855,292.7649
Lower Middle Income (WB),2003,691.3135,173.10556,88.8667,21.207005,293.73987
Lower Middle Income (WB),2004,693.75446,173.19513,88.95172,21.451666,294.82034
Lower Middle Income (WB),2005,694.14044,173.28978,89.0222,21.712221,295.86105
Lower Middle Income (WB),2006,685.027,173.33163,89.09277,21.992182,297.9821
Lower Middle Income (WB),2007,664.69403,173.37276,89.17235,22.348013,301.7878
Lower Middle Income (WB),2008,640.43756,173.47345,89.2374,22.730381,306.19012
Lower Middle Income (WB),2009,619.6682,173.53741,89.307655,23.118465,310.12192
Lower Middle Income (WB),2010,609.60974,173.61603,89.347115,23.488188,312.41824
Lower Middle Income (WB),2011,607.6762,173.88466,89.36231,23.851513,313.52222
Lower Middle Income (WB),2012,606.4602,174.44023,89.35526,24.24356,314.6927
Lower Middle Income (WB),2013,605.74426,175.14258,89.382484,24.64604,315.78375
Lower Middle Income (WB),2014,605.4766,175.76027,89.40347,25.071608,316.7291
Lower Middle Income (WB),2015,605.44525,176.08167,89.42992,25.494104,317.4564
Lower Middle Income (WB),2016,605.40936,176.21411,89.48923,26.020292,318.08618
Lower Middle Income (WB),2017,605.4207,176.26958,89.573135,26.496937,318.46637
Lower Middle Income (WB),2018,605.6178,176.04764,89.62714,26.812197,317.79523
Lower Middle Income (WB),2019,605.9419,175.65665,89.70144,27.089489,315.94724
Middle East & North Africa (WB),1990,785.75085,160.78233,165.23672,39.76218,495.23926
Middle East & North Africa (WB),1991,785.0727,160.65993,165.34416,39.705246,495.12445
Middle East & North Africa (WB),1992,784.09314,160.53859,165.40254,39.612774,494.70618
Middle East & North Africa (WB),1993,783.33044,160.43259,165.39178,39.546185,494.7234
Middle East & North Africa (WB),1994,782.7547,160.42053,165.47697,39.55312,494.977
Middle East & North Africa (WB),1995,782.3235,160.43767,165.5454,39.596527,495.1593
Middle East & North Africa (WB),1996,780.74176,160.51949,165.51228,39.695797,494.0779
Middle East & North Africa (WB),1997,777.3217,160.73744,165.52458,39.798306,491.52252
Middle East & North Africa (WB),1998,773.5578,160.81297,165.58362,39.92497,488.67126
Middle East & North Africa (WB),1999,770.42633,161.00903,165.6021,40.067112,486.3541
Middle East & North Africa (WB),2000,769.10345,160.9662,165.70457,40.216545,485.5243
Middle East & North Africa (WB),2001,769.32153,160.99768,165.70216,40.46943,485.69287
Middle East & North Africa (WB),2002,769.75415,160.99944,165.69719,40.860653,486.0628
Middle East & North Africa (WB),2003,770.3948,160.90976,165.63907,41.312725,486.45123
Middle East & North Africa (WB),2004,771.0882,160.87814,165.7143,41.7769,486.88422
Middle East & North Africa (WB),2005,771.8597,160.90227,165.7347,42.213585,487.46237
Middle East & North Africa (WB),2006,772.8789,160.88713,165.74902,42.632362,489.74323
Middle East & North Africa (WB),2007,774.23126,160.96426,165.68736,43.244614,494.3011
Middle East & North Africa (WB),2008,775.5661,161.08917,165.6178,43.821167,499.58835
Middle East & North Africa (WB),2009,776.8237,161.21161,165.57552,44.336685,504.25665
Middle East & North Africa (WB),2010,777.74554,161.23236,165.5189,44.682873,506.73215
Middle East & North Africa (WB),2011,779.77954,161.28224,165.41504,44.98424,507.41046
Middle East & North Africa (WB),2012,784.75604,161.37053,165.35814,45.354046,508.62128
Middle East & North Africa (WB),2013,790.4307,161.40068,165.30266,45.66968,510.04538
Middle East & North Africa (WB),2014,795.06396,161.47102,165.26546,45.96338,511.02432
Middle East & North Africa (WB),2015,796.5912,161.48576,165.222,46.241207,511.2883
Middle East & North Africa (WB),2016,794.8209,161.45709,165.07286,46.574394,507.4934
Middle East & North Africa (WB),2017,792.6433,161.40129,165.05855,46.821457,503.62943
Middle East & North Africa (WB),2018,791.57697,161.3003,164.91277,46.858517,503.83963
Middle East & North Africa (WB),2019,790.76013,161.18654,164.76611,46.827393,505.5568
Middle Income (WB),1990,528.249,186.66974,89.440285,24.109386,364.84207
Middle Income (WB),1991,534.7658,186.7577,89.65663,24.166761,365.37323
Middle Income (WB),1992,539.7556,186.80309,89.90714,24.260675,365.9508
Middle Income (WB),1993,543.1657,186.85777,90.19723,24.360615,366.70245
Middle Income (WB),1994,544.9843,186.89574,90.46929,24.496704,367.4424
Middle Income (WB),1995,545.13416,186.88771,90.77714,24.640957,368.17645
Middle Income (WB),1996,542.91187,186.87474,91.05952,24.815542,370.559
Middle Income (WB),1997,538.55725,186.76576,91.31045,25.011993,375.44473
Middle Income (WB),1998,533.3779,186.72046,91.53638,25.22678,381.3238
Middle Income (WB),1999,528.686,186.6841,91.72405,25.461733,386.63312
Middle Income (WB),2000,525.69574,186.68628,91.913994,25.700274,389.86136
Middle Income (WB),2001,524.60394,186.71022,92.09125,25.968971,390.25397
Middle Income (WB),2002,524.4357,186.79062,92.2854,26.293997,388.89633
Middle Income (WB),2003,524.6818,186.80908,92.48817,26.664211,386.60117
Middle Income (WB),2004,524.6653,186.92213,92.69996,27.062473,384.49628
Middle Income (WB),2005,523.7364,187.00456,92.926186,27.468555,383.54385
Middle Income (WB),2006,520.3613,187.25174,93.17253,27.921095,383.44058
Middle Income (WB),2007,514.58655,187.68011,93.433044,28.474972,383.33963
Middle Income (WB),2008,508.32794,188.10178,93.739586,29.07681,383.27542
Middle Income (WB),2009,503.4008,188.44167,94.13602,29.698738,383.20682
Middle Income (WB),2010,501.4516,188.60289,94.57415,30.286163,383.12683
Middle Income (WB),2011,502.7801,188.64853,95.020424,30.845798,381.63126
Middle Income (WB),2012,505.74988,188.48007,95.477356,31.42729,378.15726
Middle Income (WB),2013,509.36703,188.3257,95.96091,32.026352,374.21768
Middle Income (WB),2014,512.6554,188.15971,96.47309,32.642956,371.17468
Middle Income (WB),2015,514.6103,188.09843,96.970184,33.250675,370.4816
Middle Income (WB),2016,514.7078,189.44781,97.42312,34.023617,374.42526
Middle Income (WB),2017,514.50616,190.71983,97.84787,34.67054,378.50143
Middle Income (WB),2018,514.0594,190.58737,98.300125,35.07691,378.95618
Middle Income (WB),2019,512.6989,190.191,98.79087,35.371906,377.93237
North America (WB),1990,624.3958,265.15414,133.03227,85.45991,485.52017
North America (WB),1991,645.32587,267.27405,133.07874,88.16984,485.868
North America (WB),1992,665.9997,269.22043,133.1316,90.654175,486.6526
North America (WB),1993,685.74817,270.8728,133.13794,92.66646,487.76816
North America (WB),1994,703.90674,272.1404,133.16075,94.068504,489.28345
North America (WB),1995,719.84827,272.76456,133.09967,94.66881,490.96432
North America (WB),1996,736.3878,273.0212,133.01276,94.70262,503.36963
North America (WB),1997,754.86475,273.2055,132.97841,94.53856,530.4829
North America (WB),1998,772.4879,273.34808,132.88617,94.26217,562.1898
North America (WB),1999,786.22394,273.47086,132.85822,94.05579,588.5493
North America (WB),2000,793.1322,273.67474,132.77777,93.97996,599.50037
North America (WB),2001,794.2185,274.4219,132.79018,94.228355,595.1309
North America (WB),2002,793.0441,276.08817,132.92596,94.70707,584.57513
North America (WB),2003,790.83246,278.02032,133.06625,95.19832,571.1456
North America (WB),2004,788.8584,279.65536,133.21146,95.63499,557.81604
North America (WB),2005,788.52295,280.46002,133.25745,95.91131,547.9237
North America (WB),2006,789.7929,280.56027,133.19229,96.11487,542.8224
North America (WB),2007,791.8383,280.49057,133.09035,96.3484,540.57074
North America (WB),2008,793.89886,280.21692,132.97049,96.55157,539.3664
North America (WB),2009,795.3737,279.85214,132.90408,96.67042,537.50244
North America (WB),2010,795.70074,279.29272,132.85988,96.73544,533.1984
North America (WB),2011,791.8132,278.06747,132.83395,95.85524,523.9047
North America (WB),2012,783.0368,275.82996,132.75868,93.89181,510.56497
North America (WB),2013,772.33826,273.1158,132.7225,91.54845,496.4957
North America (WB),2014,762.603,270.44305,132.62776,89.62411,485.18292
North America (WB),2015,756.7401,268.10736,132.5855,88.808426,480.01404
North America (WB),2016,754.4896,264.5745,132.4854,89.46476,479.35507
North America (WB),2017,753.23846,261.75848,132.31923,90.20187,479.702
North America (WB),2018,752.88715,261.45154,132.1869,90.108536,493.02826
North America (WB),2019,753.68634,261.98694,132.01122,89.65467,521.5066
Northern Ireland,1990,769.3032,175.93962,243.47433,73.33631,529.5624
Northern Ireland,1991,765.01056,175.81819,243.72804,73.86489,528.8781
Northern Ireland,1992,762.6148,175.96388,243.78621,74.53989,529.1858
Northern Ireland,1993,761.55396,175.91885,243.67851,75.3542,529.279
Northern Ireland,1994,760.7354,175.77681,243.53165,76.103355,529.8853
Northern Ireland,1995,760.99176,175.67023,243.45647,76.761826,531.0747
Northern Ireland,1996,764.63324,175.79361,243.59818,77.61859,552.6685
Northern Ireland,1997,773.4098,175.82146,243.10028,78.38218,602.86365
Northern Ireland,1998,784.0431,175.73161,243.22215,79.0452,662.00305
Northern Ireland,1999,792.9403,175.3744,243.06737,79.8507,712.35956
Northern Ireland,2000,797.43365,175.43784,243.11992,80.53035,734.14606
Northern Ireland,2001,798.56635,175.10342,242.91867,81.37104,734.8208
Northern Ireland,2002,799.7483,175.32681,243.06808,82.19511,735.2809
Northern Ireland,2003,800.71106,175.38902,243.23495,83.313705,735.53107
Northern Ireland,2004,801.3628,175.33511,243.54552,84.13298,735.7685
Northern Ireland,2005,801.486,175.44318,243.6593,84.73329,735.9894
Northern Ireland,2006,802.1016,175.25113,243.52585,85.28867,735.53516
Northern Ireland,2007,802.7454,175.18372,243.44162,85.71594,736.18976
Northern Ireland,2008,802.77716,175.1695,243.64516,86.1243,736.4788
Northern Ireland,2009,802.761,174.89313,243.54045,86.445564,736.0265
Northern Ireland,2010,802.6281,175.00238,243.63225,86.61545,735.3776
Northern Ireland,2011,802.42096,175.08327,243.93259,86.69223,724.0277
Northern Ireland,2012,801.80304,175.15994,243.8514,86.84465,697.7271
Northern Ireland,2013,801.1308,175.03369,243.68753,86.80501,666.53467
Northern Ireland,2014,799.36237,175.16911,243.85277,86.99946,639.36127
Northern Ireland,2015,796.96606,175.23169,243.76962,87.075294,626.6208
Northern Ireland,2016,777.9891,175.08015,243.69218,87.89931,624.51605
Northern Ireland,2017,760.6039,174.9876,243.81027,89.00778,623.6582
Northern Ireland,2018,759.678,175.03157,244.02336,89.39974,623.01385
Northern Ireland,2019,760.8424,175.12141,243.79855,89.75031,623.16846
OECD Countries,1990,599.60736,204.58185,162.59648,74.83123,436.85764
OECD Countries,1991,601.3977,205.1202,162.6265,75.818436,436.24268
OECD Countries,1992,603.82245,205.59966,162.70679,76.719795,435.7191
OECD Countries,1993,606.65955,206.00203,162.81964,77.500755,435.2676
OECD Countries,1994,609.8325,206.33989,162.92886,78.08182,434.9188
OECD Countries,1995,613.22516,206.49695,162.98886,78.40264,434.64697
OECD Countries,1996,618.1682,206.56339,163.07181,78.62793,437.8743
OECD Countries,1997,625.1787,206.58461,163.12599,78.90531,445.83847
OECD Countries,1998,632.6657,206.64268,163.16998,79.152824,455.60214
OECD Countries,1999,639.0564,206.70607,163.24628,79.47458,463.91766
OECD Countries,2000,642.7306,206.75389,163.33232,79.73963,467.69672
OECD Countries,2001,643.8539,206.95763,163.57507,80.17834,467.2106
OECD Countries,2002,643.9004,207.4248,163.96541,80.81337,465.19113
OECD Countries,2003,643.38684,207.92062,164.47401,81.49852,462.5132
OECD Countries,2004,642.8831,208.40785,164.86516,82.12809,459.821
OECD Countries,2005,642.78186,208.666,165.0912,82.623795,457.8689
OECD Countries,2006,643.6233,208.83983,165.15404,83.06485,457.46396
OECD Countries,2007,645.3552,209.04884,165.09058,83.54568,458.41586
OECD Countries,2008,647.5297,209.21375,165.0102,84.0645,459.78888
OECD Countries,2009,649.53656,209.35434,164.97792,84.5113,460.6913
OECD Countries,2010,650.73157,209.40376,165.01234,84.86976,460.2459
OECD Countries,2011,650.2393,209.2681,165.02713,84.90804,457.81342
OECD Countries,2012,647.99286,208.87863,165.0692,84.58635,454.0977
OECD Countries,2013,645.01074,208.2915,165.14656,84.13447,450.11435
OECD Countries,2014,642.35626,207.74385,165.15717,83.803024,446.87866
OECD Countries,2015,641.06165,207.22989,165.21553,83.81805,445.3588
OECD Countries,2016,639.69086,206.23196,165.19777,84.41883,444.35828
OECD Countries,2017,638.4873,205.45712,165.18811,85.00764,443.7233
OECD Countries,2018,639.27966,205.02159,165.22896,85.23459,447.08606
OECD Countries,2019,641.5173,204.46089,165.26898,85.341446,454.4008
Region of the Americas (WHO),1990,601.69977,217.39508,175.67899,61.008205,470.6437
Region of the Americas (WHO),1991,610.3043,218.0777,176.00304,61.944366,471.72095
Region of the Americas (WHO),1992,618.79816,218.67114,176.3452,62.77013,473.0082
Region of the Americas (WHO),1993,626.8555,219.04367,176.67671,63.374653,474.35004
Region of the Americas (WHO),1994,634.3197,219.2375,176.99637,63.773575,475.63885
Region of the Americas (WHO),1995,640.77045,219.13503,177.28825,63.837154,476.55597
Region of the Americas (WHO),1996,648.9924,218.85168,177.52629,63.71406,484.4631
Region of the Americas (WHO),1997,659.9555,218.49425,177.74657,63.568317,502.4486
Region of the Americas (WHO),1998,671.46533,218.12665,177.94841,63.367718,524.19037
Region of the Americas (WHO),1999,681.00214,217.7551,178.1488,63.23423,543.62494
Region of the Americas (WHO),2000,685.84045,217.43185,178.31656,63.11231,554.6917
Region of the Americas (WHO),2001,687.2117,217.3866,178.5958,63.113583,558.5719
Region of the Americas (WHO),2002,687.7057,217.75473,179.03667,63.23113,560.62415
Region of the Americas (WHO),2003,687.7239,218.19455,179.53708,63.361115,561.1234
Region of the Americas (WHO),2004,687.54504,218.59125,179.94505,63.497326,560.3165
Region of the Americas (WHO),2005,687.2731,218.61894,180.22069,63.59412,558.4879
Region of the Americas (WHO),2006,684.6094,218.45192,180.373,63.764416,555.85425
Region of the Americas (WHO),2007,678.49335,218.34093,180.54083,64.012886,552.8751
Region of the Americas (WHO),2008,670.90546,218.18454,180.68883,64.32916,549.7545
Region of the Americas (WHO),2009,664.04175,217.98044,180.82579,64.616066,546.63885
Region of the Americas (WHO),2010,659.91254,217.65175,181.00592,64.828415,543.8253
Region of the Americas (WHO),2011,656.918,217.0138,181.13937,64.711044,537.622
Region of the Americas (WHO),2012,652.51483,216.0575,181.22333,64.263885,526.5939
Region of the Americas (WHO),2013,647.72736,214.94164,181.35152,63.692467,514.2072
Region of the Americas (WHO),2014,643.5089,213.85364,181.50612,63.245285,504.07138
Region of the Americas (WHO),2015,640.69476,212.88396,181.60786,63.111076,499.6722
Region of the Americas (WHO),2016,639.05145,211.43863,181.6975,63.4717,501.35822
Region of the Americas (WHO),2017,638.08344,210.21631,181.74214,63.834766,503.50644
Region of the Americas (WHO),2018,637.9683,209.80128,181.81006,63.88562,509.06613
Region of the Americas (WHO),2019,638.3914,209.58156,181.90427,63.81113,520.3447
Scotland,1990,770.8437,134.88315,197.31099,70.01735,396.66766
Scotland,1991,754.8115,134.91437,197.30576,70.22705,397.51416
Scotland,1992,740.54486,134.55038,197.44363,70.708374,398.34174
Scotland,1993,728.58295,134.37361,197.58638,71.501144,398.881
Scotland,1994,719.88745,134.49167,197.4636,72.08118,399.3735
Scotland,1995,715.3012,134.72829,197.41296,72.69667,399.7033
Scotland,1996,713.98047,134.4105,197.40698,73.55158,399.23593
Scotland,1997,713.5175,134.50658,197.25739,74.527115,399.1146
Scotland,1998,713.0698,134.46642,197.20036,75.49013,398.85626
Scotland,1999,712.3372,134.49997,197.00288,76.56856,398.14432
Scotland,2000,710.2329,134.42683,196.98059,77.38381,397.8271
Scotland,2001,703.5493,134.53949,197.0275,77.92517,397.5521
Scotland,2002,690.31903,134.35435,196.55437,78.61011,397.4088
Scotland,2003,675.1067,134.11469,196.19044,79.58351,396.84546
Scotland,2004,662.10065,133.89784,195.66197,80.06337,396.60928
Scotland,2005,655.4088,134.09561,195.43764,80.40702,396.57687
Scotland,2006,655.4485,135.12558,195.36455,81.163994,396.88162
Scotland,2007,659.4253,137.38657,195.29015,82.13857,397.85767
Scotland,2008,665.2772,139.62157,195.25406,83.02953,398.83173
Scotland,2009,671.545,141.8852,194.95917,83.66207,399.89124
Scotland,2010,676.5008,142.83531,195.05112,84.02703,400.4948
Scotland,2011,680.4635,142.98793,195.05435,84.15703,401.55783
Scotland,2012,685.79333,143.06863,195.34967,84.43411,402.7473
Scotland,2013,689.91223,143.00311,195.21393,84.45992,403.96442
Scotland,2014,693.5079,143.0047,195.3403,84.469734,404.86133
Scotland,2015,695.4277,143.18811,195.42017,84.67685,405.50986
Scotland,2016,696.56415,143.01016,195.2962,85.302734,402.91168
Scotland,2017,697.1121,143.23958,195.45752,86.04992,400.27383
Scotland,2018,695.4308,146.49641,195.38223,86.37256,400.96017
Scotland,2019,691.9668,153.45132,195.40761,86.65554,402.27838
South Asia (WB),1990,702.739,176.15038,77.11165,18.575384,285.6633
South Asia (WB),1991,725.5594,176.24965,77.14849,18.66935,284.45267
South Asia (WB),1992,745.51984,176.33055,77.24959,18.784885,283.12973
South Asia (WB),1993,761.35626,176.3361,77.25697,18.894142,281.6351
South Asia (WB),1994,771.9317,176.3964,77.27034,18.988209,280.0691
South Asia (WB),1995,776.00604,176.41663,77.29558,19.09042,278.57965
South Asia (WB),1996,774.6161,176.38478,77.30747,19.196253,275.73514
South Asia (WB),1997,770.61035,176.3375,77.32206,19.311836,271.10437
South Asia (WB),1998,765.8223,176.21661,77.321335,19.442244,266.1216
South Asia (WB),1999,761.74927,176.2139,77.2988,19.59498,262.0568
South Asia (WB),2000,760.24817,176.1201,77.28275,19.753069,260.60474
South Asia (WB),2001,762.8072,176.15872,77.300705,19.92952,261.42517
South Asia (WB),2002,768.3672,176.28137,77.32089,20.136698,263.0824
South Asia (WB),2003,774.8289,176.35907,77.36856,20.37486,265.0669
South Asia (WB),2004,779.91693,176.41008,77.42757,20.619965,267.08853
South Asia (WB),2005,781.29596,176.48012,77.45481,20.893253,268.69263
South Asia (WB),2006,767.3573,176.5445,77.49537,21.181614,271.32483
South Asia (WB),2007,735.83435,176.6178,77.5619,21.552162,275.94238
South Asia (WB),2008,698.1743,176.74066,77.62407,21.95664,281.22772
South Asia (WB),2009,666.3071,176.82617,77.687706,22.364706,285.96906
South Asia (WB),2010,651.7076,176.91527,77.73619,22.77294,288.86517
South Asia (WB),2011,650.137,177.20831,77.80363,23.174023,290.41772
South Asia (WB),2012,649.4402,177.86154,77.81488,23.598042,291.98083
South Asia (WB),2013,649.27856,178.6819,77.88406,24.029167,293.37473
South Asia (WB),2014,649.3698,179.42697,77.91378,24.504433,294.57343
South Asia (WB),2015,649.2706,179.85446,77.91057,24.9851,295.4697
South Asia (WB),2016,649.0597,180.19197,77.96992,25.618614,296.29843
South Asia (WB),2017,648.87537,180.43272,78.03058,26.19579,296.73935
South Asia (WB),2018,648.0228,180.01265,78.06294,26.587717,295.19177
South Asia (WB),2019,646.4416,179.1617,78.10459,26.934689,291.39273
South-East Asia Region (WHO),1990,618.50714,176.70047,73.927986,18.00684,292.12106
South-East Asia Region (WHO),1991,637.63947,176.94408,73.93146,18.135054,291.07663
South-East Asia Region (WHO),1992,654.2293,177.18227,73.93758,18.274866,289.85498
South-East Asia Region (WHO),1993,667.46826,177.3186,73.92544,18.408749,288.51886
South-East Asia Region (WHO),1994,676.4088,177.46213,73.913864,18.534794,287.15848
South-East Asia Region (WHO),1995,679.95557,177.5324,73.92421,18.652414,285.81244
South-East Asia Region (WHO),1996,678.8664,177.53784,73.95083,18.76917,283.31363
South-East Asia Region (WHO),1997,675.4045,177.50362,73.97245,18.891306,279.27994
South-East Asia Region (WHO),1998,671.26935,177.42961,73.998024,19.025452,274.89908
South-East Asia Region (WHO),1999,667.88226,177.42435,74.01651,19.178762,271.34964
South-East Asia Region (WHO),2000,666.7866,177.32942,74.02737,19.338224,269.94843
South-East Asia Region (WHO),2001,669.28503,177.4209,74.03639,19.506205,270.40125
South-East Asia Region (WHO),2002,674.3929,177.57385,74.03884,19.695173,271.49915
South-East Asia Region (WHO),2003,680.3439,177.74925,74.08681,19.913712,272.87997
South-East Asia Region (WHO),2004,685.2559,177.85237,74.12944,20.144907,274.35492
South-East Asia Region (WHO),2005,687.0101,177.95068,74.15119,20.401701,275.48737
South-East Asia Region (WHO),2006,675.6955,178.01978,74.19396,20.678856,277.7092
South-East Asia Region (WHO),2007,649.2566,178.12698,74.23308,21.03675,281.79636
South-East Asia Region (WHO),2008,617.7338,178.24475,74.27049,21.43104,286.51672
South-East Asia Region (WHO),2009,591.1133,178.33275,74.329475,21.820024,290.76212
South-East Asia Region (WHO),2010,579.1544,178.44894,74.338264,22.216988,293.25247
South-East Asia Region (WHO),2011,578.3396,178.82915,74.375145,22.619978,294.56378
South-East Asia Region (WHO),2012,578.2816,179.57443,74.36122,23.057545,295.836
South-East Asia Region (WHO),2013,578.6654,180.52377,74.4168,23.508615,297.00745
South-East Asia Region (WHO),2014,579.1935,181.34406,74.430145,23.992653,297.97498
South-East Asia Region (WHO),2015,579.4827,181.84694,74.414406,24.475546,298.71042
South-East Asia Region (WHO),2016,579.50604,182.08945,74.4467,25.093712,299.43008
South-East Asia Region (WHO),2017,579.392,182.25883,74.48566,25.653423,299.78677
South-East Asia Region (WHO),2018,578.6019,181.97154,74.48331,26.051815,298.1771
South-East Asia Region (WHO),2019,576.89874,181.39734,74.50426,26.405592,294.39355
Sub-Saharan Africa (WB),1990,816.85516,134.8616,122.50892,20.63011,330.55865
Sub-Saharan Africa (WB),1991,814.90265,134.84616,122.49712,20.45693,330.32867
Sub-Saharan Africa (WB),1992,813.2269,134.82793,122.50217,20.301235,330.0848
Sub-Saharan Africa (WB),1993,811.8041,134.77519,122.47633,20.154491,329.90704
Sub-Saharan Africa (WB),1994,811.04785,134.68327,122.44897,20.015524,329.72052
Sub-Saharan Africa (WB),1995,810.849,134.61902,122.41657,19.896847,329.5595
Sub-Saharan Africa (WB),1996,813.18616,134.51189,122.38721,19.783112,329.31827
Sub-Saharan Africa (WB),1997,818.54205,134.31802,122.36107,19.68331,328.97174
Sub-Saharan Africa (WB),1998,824.71643,134.14012,122.346596,19.582968,328.58102
Sub-Saharan Africa (WB),1999,829.8118,134.0277,122.30861,19.51304,328.30402
Sub-Saharan Africa (WB),2000,831.6428,133.93387,122.28014,19.483803,328.09045
Sub-Saharan Africa (WB),2001,831.1006,134.02328,122.291214,19.517904,327.85452
Sub-Saharan Africa (WB),2002,830.1596,134.26035,122.29867,19.600586,327.43356
Sub-Saharan Africa (WB),2003,829.03534,134.50238,122.319626,19.743587,327.05084
Sub-Saharan Africa (WB),2004,827.9054,134.76695,122.36486,19.899876,326.7234
Sub-Saharan Africa (WB),2005,826.85913,134.96187,122.41927,20.039143,326.63416
Sub-Saharan Africa (WB),2006,824.27606,135.053,122.46867,20.203016,327.21664
Sub-Saharan Africa (WB),2007,819.16113,135.14941,122.54902,20.403744,328.49817
Sub-Saharan Africa (WB),2008,812.7491,135.30487,122.65403,20.62451,330.07312
Sub-Saharan Africa (WB),2009,806.28467,135.39555,122.75101,20.826715,331.45633
Sub-Saharan Africa (WB),2010,801.11664,135.526,122.808365,21.05248,332.1792
Sub-Saharan Africa (WB),2011,796.4007,135.62119,122.833336,21.281647,332.49585
Sub-Saharan Africa (WB),2012,791.17285,135.79323,122.88298,21.559397,332.82816
Sub-Saharan Africa (WB),2013,786.2053,136.04065,122.90448,21.861559,333.2086
Sub-Saharan Africa (WB),2014,782.6524,136.22469,122.92794,22.14254,333.5475
Sub-Saharan Africa (WB),2015,781.6886,136.33685,122.937225,22.392681,333.96686
Sub-Saharan Africa (WB),2016,783.2701,136.49776,122.95897,22.671072,334.68195
Sub-Saharan Africa (WB),2017,784.8729,136.68849,122.9781,22.894516,335.32468
Sub-Saharan Africa (WB),2018,785.5764,136.87672,123.01691,23.005522,335.1667
Sub-Saharan Africa (WB),2019,786.1775,137.12843,123.03377,23.081104,334.55646
Wales,1990,806.944,172.2061,193.56995,70.78147,405.67136
Wales,1991,800.0224,172.10788,193.71227,71.43398,405.83047
Wales,1992,793.4295,171.82654,193.54666,72.11747,405.44537
Wales,1993,788.10144,171.84189,193.5628,72.909744,405.4986
Wales,1994,783.37585,171.43489,193.64337,73.78282,405.4275
Wales,1995,779.9884,171.57204,193.59192,74.669365,405.11838
Wales,1996,778.4287,171.26273,193.54335,75.37696,404.9812
Wales,1997,775.93005,171.34772,193.41954,76.30356,405.0557
Wales,1998,774.23663,171.28093,193.37593,77.13261,405.26398
Wales,1999,772.04584,171.28053,193.53452,78.17685,405.0548
Wales,2000,768.9095,171.20744,193.422,78.892334,405.06665
Wales,2001,762.3613,171.23198,193.39633,79.83787,404.8008
Wales,2002,752.0013,171.45377,193.65211,80.972694,404.1978
Wales,2003,740.08984,171.57306,193.89578,82.055115,403.76843
Wales,2004,729.856,171.85036,193.88335,82.98299,403.08694
Wales,2005,723.4416,171.81384,193.73909,83.60838,403.01044
Wales,2006,720.09467,171.5973,193.89557,84.141556,403.1366
Wales,2007,717.23206,171.66014,193.90112,84.537766,404.00128
Wales,2008,715.3305,171.76987,193.93369,85.185844,404.60062
Wales,2009,713.81354,171.61366,193.92096,85.49927,405.5094
Wales,2010,713.6126,171.72379,194.10646,85.64659,406.1339
Wales,2011,715.80664,171.73978,193.93333,85.72894,406.4878
Wales,2012,720.59357,171.79366,193.83554,85.71207,407.3929
Wales,2013,726.0053,171.70656,193.64833,85.494446,408.35452
Wales,2014,731.1504,171.70587,193.48364,85.5552,409.27353
Wales,2015,733.5625,171.63876,193.49669,85.67748,409.68277
Wales,2016,734.862,171.79814,193.53156,86.18572,407.7233
Wales,2017,735.3185,171.99728,193.43756,86.77693,405.50238
Wales,2018,736.3776,171.99806,193.58107,87.33203,405.94107
Wales,2019,737.67554,171.78789,193.26585,87.882324,407.64117
Western Pacific Region (WHO),1990,453.68173,195.50438,56.982746,21.795855,330.5374
Western Pacific Region (WHO),1991,461.1796,195.65117,56.88617,21.885593,330.3376
Western Pacific Region (WHO),1992,466.82556,195.74298,56.812416,21.993425,330.2167
Western Pacific Region (WHO),1993,470.47382,195.85172,56.75695,22.099625,330.2169
Western Pacific Region (WHO),1994,472.00848,195.97108,56.688072,22.20026,330.22552
Western Pacific Region (WHO),1995,471.43964,196.0435,56.616955,22.324299,330.3697
Western Pacific Region (WHO),1996,467.3584,196.07852,56.539608,22.487806,331.65344
Western Pacific Region (WHO),1997,459.80658,196.12358,56.45868,22.653498,334.5206
Western Pacific Region (WHO),1998,450.9982,196.21199,56.368004,22.830233,337.7637
Western Pacific Region (WHO),1999,442.98654,196.3052,56.25512,23.00324,340.2075
Western Pacific Region (WHO),2000,437.9643,196.44603,56.14716,23.169405,340.6392
Western Pacific Region (WHO),2001,436.07068,196.55013,56.087147,23.404781,337.53876
Western Pacific Region (WHO),2002,435.28275,196.73326,56.081913,23.677479,331.52112
Western Pacific Region (WHO),2003,434.95264,196.85333,56.09018,23.991743,324.3642
Western Pacific Region (WHO),2004,434.31332,197.02155,56.102646,24.324978,318.13443
Western Pacific Region (WHO),2005,432.58093,197.17699,56.057484,24.670702,314.7797
Western Pacific Region (WHO),2006,428.7927,197.52205,55.957752,25.001501,313.96774
Western Pacific Region (WHO),2007,423.11926,198.0101,55.85086,25.403872,313.74005
Western Pacific Region (WHO),2008,417.24954,198.52719,55.72417,25.832373,313.81784
Western Pacific Region (WHO),2009,412.61682,198.9437,55.64397,26.288414,313.75006
Western Pacific Region (WHO),2010,410.5999,199.18216,55.619293,26.750679,313.2295
Western Pacific Region (WHO),2011,411.42484,199.27402,55.60749,27.214663,311.68915
Western Pacific Region (WHO),2012,413.72742,199.1229,55.60247,27.698872,309.13074
Western Pacific Region (WHO),2013,416.62207,198.97508,55.592907,28.202936,306.52676
Western Pacific Region (WHO),2014,419.31677,198.86261,55.6057,28.757486,304.5846
Western Pacific Region (WHO),2015,420.85226,198.86104,55.64497,29.339031,304.187
Western Pacific Region (WHO),2016,420.626,200.68613,55.654392,30.142656,308.16577
Western Pacific Region (WHO),2017,420.23874,202.41843,55.66302,30.820532,312.3138
Western Pacific Region (WHO),2018,419.8523,202.34982,55.70925,31.227842,312.01123
Western Pacific Region (WHO),2019,418.75793,201.9551,55.75972,31.507093,309.40515
